<?xml version="1.0" encoding="utf-8" ?>
<dwsync>
<file name="menuGora.php" server="przedszkolne.info" local="129712869905748047" remote="129714036600000000" />
<file name="obrobkaWpisow.php" server="przedszkolne.info" local="129712636572775776" remote="129714040200000000" />
<file name="sortowaniePodmiotow.php" server="przedszkolne.info" local="129713688194209051" remote="129714040200000000" />
<file name="pokazPodmiot.php" server="przedszkolne.info" local="129713635834981623" remote="129714040200000000" />
<file name="uzytkownicy.php" server="przedszkolne.info" local="129676235190000000" remote="129714040200000000" />
<file name="dodajOpinie.php" server="przedszkolne.info" local="129678796430000000" remote="129714040200000000" />
<file name="opinieUzytkownikow.php" server="przedszkolne.info" local="129712450049160523" remote="129714040200000000" />
<file name="menuWlasciwe.php" server="przedszkolne.info" local="129713221507122566" remote="129714040200000000" />
<file name="obrobkaWpisow.php" server="C:/xampp/htdocs/Projekt_PHP/" local="129712636572775776" remote="129712636570000000" />
<file name="sortowaniePodmiotow.php" server="C:/xampp/htdocs/Projekt_PHP/" local="129713688194209051" remote="129713688190000000" />
<file name="pokazPodmiot.php" server="C:/xampp/htdocs/Projekt_PHP/" local="129713635834981623" remote="129713635830000000" />
<file name="uzytkownicy.php" server="C:/xampp/htdocs/Projekt_PHP/" local="129676235190000000" remote="129676235190000000" />
<file name="dodajOpinie.php" server="C:/xampp/htdocs/Projekt_PHP/" local="129678796430000000" remote="129678796430000000" />
<file name="opinieUzytkownikow.php" server="C:/xampp/htdocs/Projekt_PHP/" local="129712450049160523" remote="129712450040000000" />
<file name="menuWlasciwe.php" server="C:/xampp/htdocs/Projekt_PHP/" local="129713221507122566" remote="129713221500000000" />
<file name="obrobkaWpisow.php" server="C:/xampp/htdocs/" local="129712636572775776" remote="129712636570000000" />
<file name="sortowaniePodmiotow.php" server="C:/xampp/htdocs/" local="129713688194209051" remote="129713688190000000" />
<file name="menuWlasciwe.php" server="C:/xampp/htdocs/" local="129714097528278284" remote="129714097520000000" />
<file name="pokazPodmiot.php" server="C:/xampp/htdocs/" local="129713635834981623" remote="129713635830000000" />
<file name="uzytkownicy.php" server="C:/xampp/htdocs/" local="129676235190000000" remote="129676235190000000" />
<file name="dodajOpinie.php" server="C:/xampp/htdocs/" local="129678796430000000" remote="129678796430000000" />
<file name="opinieUzytkownikow.php" server="C:/xampp/htdocs/" local="129712450049160523" remote="129712450040000000" />
</dwsync>